cue,gender,education,prompt,responses
intelligence,male,high school,What are the first five associations that come to a male high school-educated adult's mind when thinking of the cue 'intelligence'? Produce responses highly typical for a male high school-educated adult. Separate the responses by comma. Produce ten separate sets of five responses separated by semicolon.,"Einstein, books, IQ tests, college, smart people; brain, genius, technology, science, puzzles; knowledge, learning, reading, math, professor; IQ, chess, logic, debate, computer; school, education, grades, university, teacher; problem-solving, critical thinking, innovation, coding, intelligence agency; library, study, intelligence quotient, scholarship, academic; history, linguistics, psychology, philosophy, neuroscience; smartwatch, artificial intelligence, research, discoveries, inventions; Mensa, trivia, quantum physics, analytics, strategy games"
intelligence,male,high school,What are the first five associations that come to a male high school-educated adult's mind when thinking of the cue 'intelligence'? Produce responses highly typical for a male high school-educated adult. Separate the responses by comma. Produce ten separate sets of five responses separated by semicolon.,"Einstein, smart, IQ, tests, book smart; brains, genius, knowledge, reading, wisdom; Stephen Hawking, clever, education, high scores, mental; intellectuals, problem-solving, savvy, learning, school; success, nerd, thinking, comprehension, understanding; technology, innovation, creativity, insight, logic; mastery, scholars, expertise, intelligence agencies, cunning; bright, understanding, aptitude, scholarships, analysis; competition, strategy, apt brain, achievements, curiosity; observation, quick-witted, informed, puzzles, street-smart"
intelligence,male,high school,What are the first five associations that come to a male high school-educated adult's mind when thinking of the cue 'intelligence'? Produce responses highly typical for a male high school-educated adult. Separate the responses by comma. Produce ten separate sets of five responses separated by semicolon.,"Smart people, school, tests, Albert Einstein, AI; books, college, genius, IQ, brain; learning, professors, technology, scientists, grades; knowledge, puzzles, chess, education, logic; wisdom, analysis, problem-solving, innovation, creativity; data, computer programming, research, memory, math; intelligence agencies, spies, codes, cybersecurity, hacking; language skills, chess, reading, writing, debates; history, philosophy, psychology, neuroscience, mathematics; critical thinking, strategy, analytics, curiosity, inventions."
intelligence,male,high school,What are the first five associations that come to a male high school-educated adult's mind when thinking of the cue 'intelligence'? Produce responses highly typical for a male high school-educated adult. Separate the responses by comma. Produce ten separate sets of five responses separated by semicolon.,"Smart, Brain, Einstein, Science, IQ; Genius, Mensa, University, Knowledge, Books; Problem solving, Chess, Mathematics, Technology, Inventions; Stephen Hawking, Albert Einstein, Bill Gates, Neil deGrasse Tyson, Steve Jobs; IQ tests, Education, Grades, Diploma, Scholarships; Logic, Analysis, Creativity, Innovation, Strategy; School, College, Professor, Study, Exam; Intelligent design, Artificial Intelligence, Computer, Robot, Coding; Detective, Sherlock Holmes, Puzzles, Mystery, Observation; Elon Musk, Intelligence Agency, Secrets, Spies, Hacking."
intelligence,male,high school,What are the first five associations that come to a male high school-educated adult's mind when thinking of the cue 'intelligence'? Produce responses highly typical for a male high school-educated adult. Separate the responses by comma. Produce ten separate sets of five responses separated by semicolon.,"Einstein, books, math, science, IQ; smart, genius, chess, exams, college; brains, innovation, technology, coding, robots; academics, knowledge, philosophy, history, literature; intelligence tests, Mensa, scholarships, degrees, professors; problem-solving, puzzles, logic, strategy, analysis; curiosity, learning, education, reading, studying; artificial intelligence, computers, internet, software, data; wisdom, understanding, insights, critical thinking, reasoning; inventiveness, creativity, breakthroughs, discoveries, inventions."
intelligence,male,high school,What are the first five associations that come to a male high school-educated adult's mind when thinking of the cue 'intelligence'? Produce responses highly typical for a male high school-educated adult. Separate the responses by comma. Produce ten separate sets of five responses separated by semicolon.,"Smart, Genius, IQ, Brain, Knowledge; Einstein, Books, College, Scientist, Technology; Grades, Test, Albert Einstein, Stephen Hawking, University; Clever, Quick thinker, Innovator, Inventions, Logic; Brain games, Chess, Scholar, Professor, Study; Mathematics, Physics, Coding, Space, Intelligence agency; Research, Analysis, High IQ society, Education, Thinker; Strategy, Problem-solving, Intellect, Reading, Information; Gadgets, Artificial Intelligence, NASA, Neuroscience, Experiment; Wisdom, Learning, Insight, Understanding, Perception."
intelligence,male,high school,What are the first five associations that come to a male high school-educated adult's mind when thinking of the cue 'intelligence'? Produce responses highly typical for a male high school-educated adult. Separate the responses by comma. Produce ten separate sets of five responses separated by semicolon.,"Einstein, science, smart people, math, high IQ; brain, genius, technology, computers, chess; problem-solving, learning, reading, college, knowledge; IQ tests, experiments, NASA, physics, innovation; books, education, professors, tech companies, coding; debates, analytics, strategy games, intelligence agencies, linguistics; scholarships, intelligence tests, logical reasoning, discoveries, inventions; history, space exploration, artificial intelligence, quantum computing, neuroscience; critical thinking, wisdom, documentaries, scholarly articles, Mensa; puzzles, intelligence quotient, research, engineers, philosophers."
intelligence,male,high school,What are the first five associations that come to a male high school-educated adult's mind when thinking of the cue 'intelligence'? Produce responses highly typical for a male high school-educated adult. Separate the responses by comma. Produce ten separate sets of five responses separated by semicolon.,"Einstein, smart, computers, exams, genius; brains, IQ tests, books, university, chess; problem-solving, tech, innovators, scientists, mathematics; intellect, theory, logic puzzles, coding, SpaceX; knowledge, learning, Stephen Hawking, artificial intelligence, research; reading, education, Tesla, curiosity, debate; Mensa, philosophy, encryption, Silicon Valley, data; history, literature, astrophysics, analytics, linguistics; strategy games, invention, engineering, robotics, algorithms; wisdom, critical thinking, discovery, neuroscience, quantum physics."
intelligence,male,high school,What are the first five associations that come to a male high school-educated adult's mind when thinking of the cue 'intelligence'? Produce responses highly typical for a male high school-educated adult. Separate the responses by comma. Produce ten separate sets of five responses separated by semicolon.,"Einstein, IQ tests, math, college, chess; books, smart glasses, scientists, computers, trivia; genius, Albert Einstein, high IQ, technology, university; knowledge, study, reading, professor, inventions; problem-solving, logic games, Stephen Hawking, research, coding; philosophy, NASA, innovation, Silicon Valley, puzzles; history, genius, scholarships, debate team, linguistics; literature, Mensa, analytical skills, Nobel Prize, experts; brain, education, GPA, honors classes, Bill Gates; thinking, reasoning, academia, laboratories, smartwatch."
intelligence,male,high school,What are the first five associations that come to a male high school-educated adult's mind when thinking of the cue 'intelligence'? Produce responses highly typical for a male high school-educated adult. Separate the responses by comma. Produce ten separate sets of five responses separated by semicolon.,"Smart, Genius, Einstein, IQ, Brainpower; Education, Schools, Books, Knowledge, Wisdom; Clever, Quick-thinking, Problem-solving, Analytical, Strategic; Tech, Computers, Coding, Artificial Intelligence, Innovation; Science, Mathematics, Physics, Chemistry, Biology; Intelligence tests, IQ scores, Mensa, Gifted, Smarty-pants; Stephen Hawking, Tesla, Bill Gates, Steve Jobs, Mark Zuckerberg; Chess, Strategy games, Puzzles, Rubik's Cube, Sudoku; Reading, Studying, Learning, Research, Curiosity; Spies, CIA, FBI, James Bond, Secret codes."
intelligence,male,high school,What are the first five associations that come to a male high school-educated adult's mind when thinking of the cue 'intelligence'? Produce responses highly typical for a male high school-educated adult. Separate the responses by comma. Produce ten separate sets of five responses separated by semicolon.,"Smartphones, Albert Einstein, puzzles, chess, college; IQ tests, reading, computers, science fiction, Stephen Hawking; books, university, Bill Gates, math, Elon Musk; documentaries, brain, coding, artificial intelligence, technology; geniuses, innovation, research, space, Neil deGrasse Tyson; knowledge, Google, laboratories, genius bar, Steve Jobs; thinking, analysis, Sherlock Holmes, programming, robots; wisdom, history, literature, physics, Carl Sagan; education, NASA, trivia, inventors, Mark Zuckerberg; curiosity, experiments, data, Information Age, Alan Turing."
intelligence,male,high school,What are the first five associations that come to a male high school-educated adult's mind when thinking of the cue 'intelligence'? Produce responses highly typical for a male high school-educated adult. Separate the responses by comma. Produce ten separate sets of five responses separated by semicolon.,"Albert Einstein, science, IQ tests, brain, smart people; smart, education, college degree, knowledge, books; clever, problem-solving, genius, innovation, technology; wisdom, understanding, reasoning, logic, critical thinking; intelligence agencies, spies, codes, secret messages, cybersecurity; chess, artificial intelligence, computers, programming, math; reading, learning, studying, school, teachers; success, business, strategy, leadership, achievement; creativity, imagination, inventions, discoveries, exploration; curiosity, questions, research, analysis, facts."
intelligence,male,high school,What are the first five associations that come to a male high school-educated adult's mind when thinking of the cue 'intelligence'? Produce responses highly typical for a male high school-educated adult. Separate the responses by comma. Produce ten separate sets of five responses separated by semicolon.,"Einstein, math, school, books, IQ; smart people, technology, college, science, computer; genius, tests, brain, thinking, puzzles; reading, knowledge, education, studying, chess; Bill Gates, innovation, NASA, experiments, analysis; problem-solving, logic, philosophy, history, languages; Steve Jobs, internet, intelligence agencies, spy movies, coding; library, documentaries, debates, lectures, scholarships; artificial intelligence, robots, space exploration, physics, inventions; trivia, SATs, MENSA, research, professors."
intelligence,male,high school,What are the first five associations that come to a male high school-educated adult's mind when thinking of the cue 'intelligence'? Produce responses highly typical for a male high school-educated adult. Separate the responses by comma. Produce ten separate sets of five responses separated by semicolon.,"Einstein, IQ tests, computers, science, chess; smart people, college degrees, books, math, professors; problem-solving, knowledge, brain, learning, education; genius, innovation, technology, physics, coding; intelligence agencies, spies, hacking, secret codes, government secrets; puzzles, strategy games, video games, logic, reasoning; success, business, inventors, patents, startups; reading, libraries, research, studies, scholarships; artificial intelligence, robots, automation, computer programming, machine learning; curiosity, documentaries, debates, critical thinking, philosophy."
intelligence,male,high school,What are the first five associations that come to a male high school-educated adult's mind when thinking of the cue 'intelligence'? Produce responses highly typical for a male high school-educated adult. Separate the responses by comma. Produce ten separate sets of five responses separated by semicolon.,"Albert Einstein, IQ tests, college, smart people, problem-solving; books, education, knowledge, learning, science; math, genius, chess, technology, innovation; history, trivia, reading, scholars, university; logic, brain, study, research, professor; curiosity, wisdom, intellectual, debate, theories; programming, languages, intelligence agencies, cryptography, Alan Turing; memory, concentration, analytics, philosophy, creativity; exams, SAT, GPA, scholarships, valedictorian; puzzles, strategy games, inventions, space exploration, Elon Musk."
intelligence,male,high school,What are the first five associations that come to a male high school-educated adult's mind when thinking of the cue 'intelligence'? Produce responses highly typical for a male high school-educated adult. Separate the responses by comma. Produce ten separate sets of five responses separated by semicolon.,"smart, genius, IQ, Einstein, books; brain, science, clever, technology, learning; tests, university, knowledge, professor, study; wisdom, logic, problem-solving, analytics, strategy; intelligent people, education, degrees, academics, expertise; math, physics, chemistry, biology, research; curiosity, creativity, innovation, invention, advancements; reading, critical thinking, discussions, lectures, seminars; intelligence agencies, spies, cryptography, codes, secrets; chess, puzzles, games, strategy, competition"
intelligence,male,high school,What are the first five associations that come to a male high school-educated adult's mind when thinking of the cue 'intelligence'? Produce responses highly typical for a male high school-educated adult. Separate the responses by comma. Produce ten separate sets of five responses separated by semicolon.,"IQ tests, Albert Einstein, smart, college, technology; books, genius, chess, Elon Musk, Stephen Hawking; reading, academics, science, math, high grades; problem-solving, Bill Gates, innovation, research, knowledge; brain, education, learning, artificial intelligence, Stephen King; critical thinking, debates, physics, coding, philosophy; logic puzzles, Mensa, knowledge competitions, scholarships, intelligence agencies; history, writing, Nikola Tesla, languages, memory; creativity, inventions, analysis, Sherlock Holmes, data science; curiosity, documentaries, psychology, neurology, space exploration."
intelligence,male,high school,What are the first five associations that come to a male high school-educated adult's mind when thinking of the cue 'intelligence'? Produce responses highly typical for a male high school-educated adult. Separate the responses by comma. Produce ten separate sets of five responses separated by semicolon.,"Smart, Einstein, IQ, books, college; genius, math, science, tests, technology; brain, problem-solving, chess, reading, education; clever, innovation, knowledge, learning, grades; think, mental ability, reasoning, logic, experiments; intelligence tests, neurons, thought, insights, discoveries; creativity, analysis, comprehension, intellect, wisdom; puzzles, strategies, facts, understanding, memory; curiosity, success, scholarships, professors, inventions; intelligence agencies, spy, code-breaking, data, security."
intelligence,male,high school,What are the first five associations that come to a male high school-educated adult's mind when thinking of the cue 'intelligence'? Produce responses highly typical for a male high school-educated adult. Separate the responses by comma. Produce ten separate sets of five responses separated by semicolon.,"Einstein, smart, IQ tests, genius, college; books, education, knowledge, learning, science; brain, thinking, clever, wisdom, problem-solving; technology, computers, innovation, inventions, NASA; maths, physics, chemistry, biology, study; Sherlock Holmes, detective, analysis, logic, critical thinking; business, money, success, strategy, entrepreneurship; Bill Gates, Steve Jobs, Elon Musk, Mark Zuckerberg, technology; chess, games, strategy, competition, skill; history, geography, literature, arts, culture."
intelligence,male,high school,What are the first five associations that come to a male high school-educated adult's mind when thinking of the cue 'intelligence'? Produce responses highly typical for a male high school-educated adult. Separate the responses by comma. Produce ten separate sets of five responses separated by semicolon.,"Smart people, high IQ, book smarts, problem-solving, genius; brainy, cleverness, academics, knowledge, Einstein; thinking fast, wise people, tech savvy, educated, mental sharpness; intellect, good grades, university, savvy, logic; strategic, innovation, creative thinking, understanding, aptitude; quick learner, memory, street smarts, reasoning, analysis; intelligence test, Mensa, scholar, expert, proficiency; curiosity, critical thinking, success, informed, intellectual; trivia knowledge, vocabulary, science nerds, mathematics, chess; reading, informed debates, history buffs, learning, insightful thinking."
intelligence,male,high school,What are the first five associations that come to a male high school-educated adult's mind when thinking of the cue 'intelligence'? Produce responses highly typical for a male high school-educated adult. Separate the responses by comma. Produce ten separate sets of five responses separated by semicolon.,"Einstein, IQ tests, reading, science, math; smart people, college degrees, technology, problem-solving, chess; brain, knowledge, learning, books, genius; Stephen Hawking, computers, education, history, physics; puzzles, academia, innovation, research, skills; logic, curiosity, intelligence agencies, memory, coding; teachers, philosophy, language, scholars, intelligence quotient; documentaries, analytics, experiments, deduction, theories; artificial intelligence, critical thinking, discussion, analysis, creativity; study, wisdom, understanding, observation, inventions."
intelligence,male,high school,What are the first five associations that come to a male high school-educated adult's mind when thinking of the cue 'intelligence'? Produce responses highly typical for a male high school-educated adult. Separate the responses by comma. Produce ten separate sets of five responses separated by semicolon.,"Smart, genius, high IQ, knowledge, logic; brains, Einstein, education, thinking, problem-solving; clever, bright, gifted, Albert Einstein, reasoning; book smart, intellectual, savvy, smart people, wisdom; learning, educated, brilliant, high grades, Stephen Hawking; innovation, technology, Google, artificial intelligence, computers; nerd, geek, science, quantum physics, mathematics; understanding, comprehension, insight, awareness, intuition; intelligence tests, Mensa, SAT, scholarships, academic; critical thinking, analytical, detective, Sherlock Holmes, puzzles."
intelligence,male,high school,What are the first five associations that come to a male high school-educated adult's mind when thinking of the cue 'intelligence'? Produce responses highly typical for a male high school-educated adult. Separate the responses by comma. Produce ten separate sets of five responses separated by semicolon.,"Smart, IQ, brain, Einstein, books; Genius, tests, school, math, science; Knowledge, wisdom, learning, education, intelligent people; Brainpower, clever, exams, high grades, professor; Thinking, logic, puzzle, intellectual, strategy; Bright, savvy, understanding, insight, brilliance; Mind, sharp, cleverness, smartness, intellectuality; Analysis, reasoning, brainy, quick-witted, comprehension; Invention, innovation, creativity, genius, discovery; Problem-solving, analytical, thoughtful, perceptive, intelligent conversation."
intelligence,male,high school,What are the first five associations that come to a male high school-educated adult's mind when thinking of the cue 'intelligence'? Produce responses highly typical for a male high school-educated adult. Separate the responses by comma. Produce ten separate sets of five responses separated by semicolon.,"smart, genius, Albert Einstein, IQ tests, brain; 

education, college, books, learning, knowledge; 

technology, computers, scientists, innovation, research; 

sapience, cognition, understanding, comprehension, insight;

critical thinking, problem-solving, logic, reasoning, analytics; 

math, physics, chemistry, biology, science; 

intelligence agencies, spies, espionage, CIA, FBI; 

artificial intelligence, robotics, machine learning, computers, technology; 

creativity, imagination, ideas, invention, genius; 

wisdom, experience, insight, understanding, knowledge."
intelligence,male,high school,What are the first five associations that come to a male high school-educated adult's mind when thinking of the cue 'intelligence'? Produce responses highly typical for a male high school-educated adult. Separate the responses by comma. Produce ten separate sets of five responses separated by semicolon.,"Einstein, smart, books, tests, college; genius, thinking, IQ, brain, knowledge; mathematics, science, chess, technology, computer; Sherlock Holmes, detective, puzzles, logic, reasoning; reading, writer, professor, university, degrees; innovation, invention, SpaceX, NASA, Elon Musk; coding, problem-solving, analytics, data, software; history, literature, philosophy, scholars, intellectual; artificial intelligence, robots, machine learning, programming, future; school, study, grades, GPA, scholarships."
intelligence,male,university,What are the first five associations that come to a male university-educated adult's mind when thinking of the cue 'intelligence'? Produce responses highly typical for a male university-educated adult. Separate the responses by comma. Produce ten separate sets of five responses separated by semicolon.,"Einstein, IQ, books, chess, Harvard; problem-solving, AI, neuroscience, research, coding; genius, innovation, analytics, strategy, academic journals; physics, mathematics, debate, linguistics, philosophy; technology, data science, Mensa, scholarships, patents; thinking, cognition, logic puzzles, intellectual property, STEM; creativity, analysis, critical thinking, knowledge, expertise; professors, laboratories, algorithms, inventions, conferences; curiosity, learning, psychology, education, breakthroughs; TED Talks, quantum computing, scholarships, brain games, chess club."
intelligence,male,university,What are the first five associations that come to a male university-educated adult's mind when thinking of the cue 'intelligence'? Produce responses highly typical for a male university-educated adult. Separate the responses by comma. Produce ten separate sets of five responses separated by semicolon.,"Albert Einstein, chess, IQ test, Nobel Prize, Stephen Hawking; mathematics, reading, debate, university, scholarships; research, technology, artificial intelligence, science, innovation; analytical thinking, problem-solving, critical thinking, philosophy, logic; books, education, genius, intellectual discussions, conferences; programming, coding, quantum physics, neuroscience, linguistics; chess, Mensa, academic journals, patents, TED Talks; history, literature, psychology, sociology, anthropology; strategy games, logic puzzles, scholarly articles, peer review, lectures; creativity, curiosity, learning, wisdom, knowledge."
intelligence,male,university,What are the first five associations that come to a male university-educated adult's mind when thinking of the cue 'intelligence'? Produce responses highly typical for a male university-educated adult. Separate the responses by comma. Produce ten separate sets of five responses separated by semicolon.,"Einstein, research, mathematics, IQ, chess; quantum physics, Nobel Prize, coding, artificial intelligence, space exploration; books, philosophy, neuroscience, debate, algorithms; logic puzzles, Mensa, language learning, academic journals, TED Talks; Stephen Hawking, innovation, cryptography, data analysis, robotics; problem-solving, chess championships, scholarships, patents, quantum computing; cognitive science, genius, scholarships, critical thinking, encryption; machine learning, Silicon Valley, theoretical physics, analytics, linguistics; brainpower, logic, scientific method, game theory, intellectual property; rationality, logic games, academic conferences, high IQ societies, breakthrough technologies."
intelligence,male,university,What are the first five associations that come to a male university-educated adult's mind when thinking of the cue 'intelligence'? Produce responses highly typical for a male university-educated adult. Separate the responses by comma. Produce ten separate sets of five responses separated by semicolon.,"Einstein, IQ tests, quantum physics, chess, Stephen Hawking; critical thinking, books, university, debate, TED Talks; algorithms, data analysis, neuroscience, AI, coding; logic puzzles, Mensa, research papers, professor, Nobel Prize; calculus, academic journals, chess, scholarships, linguistics; quantum computing, encryption, machine learning, robotics, innovation; philosophy, logic, analytics, cognitive science, learning languages; brain, genius, creativity, problem-solving, reasoning; mathematics, physics, chemistry, biology, astronomy; technology, Silicon Valley, engineering, startups, patents."
intelligence,male,university,What are the first five associations that come to a male university-educated adult's mind when thinking of the cue 'intelligence'? Produce responses highly typical for a male university-educated adult. Separate the responses by comma. Produce ten separate sets of five responses separated by semicolon.,"Einstein, mathematics, problem-solving, IQ tests, chess; critical thinking, innovation, technology, science, research; books, education, debates, philosophy, genius; data analysis, artificial intelligence, programming, neuroscience, linguistics; strategy, logic, puzzles, academia, cognitive psychology; knowledge, learning, expertise, information, intellect; creativity, curiosity, analytical skills, reasoning, comprehension; history, literature, Nobel Prize, discoveries, inventions; quantum physics, coding, algorithms, space exploration, robotics; decision making, leadership, expertise, scholarship, analytical thinking."
intelligence,male,university,What are the first five associations that come to a male university-educated adult's mind when thinking of the cue 'intelligence'? Produce responses highly typical for a male university-educated adult. Separate the responses by comma. Produce ten separate sets of five responses separated by semicolon.,"1. Problem-solving, creativity, analytical thinking, knowledge, wisdom;
2. IQ tests, education, books, science, debate;
3. Elon Musk, Stephen Hawking, Albert Einstein, Isaac Newton, Bill Gates;
4. Critical thinking, logic, mathematics, physics, coding;
5. Research, innovation, strategy, chess, artificial intelligence;
6. Intelligence agencies, CIA, MI6, espionage, cybersecurity;
7. Neuroscience, psychology, brain, cognitive science, mental agility;
8. Philosophy, history, linguistics, literature, cultural awareness;
9. Genetics, nature vs. nurture, IQ, evolution, brain plasticity;
10. Emotional intelligence, communication, empathy, leadership, social skills."
intelligence,male,university,What are the first five associations that come to a male university-educated adult's mind when thinking of the cue 'intelligence'? Produce responses highly typical for a male university-educated adult. Separate the responses by comma. Produce ten separate sets of five responses separated by semicolon.,"Einstein, high IQ, problem-solving, innovation, critical thinking; 

mathematics, chess, coding, physics, Elon Musk; 

research, academic journals, debates, scholarships, professors; 

AI, data analysis, algorithms, machine learning, neuroscience; 

books, education, university degrees, intellectual discussions, seminars; 

Stephen Hawking, logic puzzles, Mensa, TED Talks, cognitive science; 

Quantum computing, linguistics, philosophy, cryptography, astrophysics; 

Invention, patents, Silicon Valley, biotechnology, analytics; 

Graduate school, analysis, logic, reasoning, scholarly articles; 

Bill Gates, tech startups, innovation labs, science fiction, nanotechnology."
intelligence,male,university,What are the first five associations that come to a male university-educated adult's mind when thinking of the cue 'intelligence'? Produce responses highly typical for a male university-educated adult. Separate the responses by comma. Produce ten separate sets of five responses separated by semicolon.,"Einstein, chess, IQ test, university, books; Stephen Hawking, mathematics, debate, science, Mensa; artificial intelligence, tech startups, coding, quantum physics, neuroscience; logic puzzles, doctoral degree, research, scholarships, Nobel Prize; Tesla, silicon valley, algorithms, space exploration, robotics; library, academic journals, critical thinking, linguistics, philosophy; innovation, patents, machine learning, cybersecurity, data analysis; creativity, genius, problem-solving, theoretical physics, chess grandmasters; intelligence agencies, espionage, code-breaking, strategic games, cryptography; mental calculation, trivia, knowledge competitions, reading, intellectual property."
intelligence,male,university,What are the first five associations that come to a male university-educated adult's mind when thinking of the cue 'intelligence'? Produce responses highly typical for a male university-educated adult. Separate the responses by comma. Produce ten separate sets of five responses separated by semicolon.,"Einstein, IQ tests, chess, mathematics, problem-solving; Stephen Hawking, books, university, research, innovation; critical thinking, Mensa, coding, artificial intelligence, neuroscience; logic puzzles, debate, philosophy, physics, analytics; data analysis, linguistics, logic, academia, scholarships; tech startups, scientific journals, patents, quantum computing, TED talks; genius, creativity, inventions, psychology, cognitive science; Nobel Prize, chess grandmaster, Silicon Valley, algorithms, machine learning; literature, history, sociology, anthropology, cultural studies; knowledge, wisdom, education, intelligence agencies, cryptography."
intelligence,male,university,What are the first five associations that come to a male university-educated adult's mind when thinking of the cue 'intelligence'? Produce responses highly typical for a male university-educated adult. Separate the responses by comma. Produce ten separate sets of five responses separated by semicolon.,"Einstein, IQ tests, books, universities, chess; 

Stephen Hawking, mathematics, research, debates, coding; 

artificial intelligence, neuroscience, Mensa, professors, quantum physics; 

literature, science journals, logic puzzles, philosophy, TED Talks;

data analysis, linguistics, Nobel Prize, innovation, scholarships;

machine learning, logic, patents, academic conferences, cryptography;

entrepreneurship, Silicon Valley, analytics, peer-reviewed articles, game theory;

cognitive psychology, algorithms, chess champions, space exploration, robotics;

genius, theoretical physics, algorithms, scientific method, problem-solving;

creativity, critical thinking, breakthroughs, astrophysics, lectures."
intelligence,male,university,What are the first five associations that come to a male university-educated adult's mind when thinking of the cue 'intelligence'? Produce responses highly typical for a male university-educated adult. Separate the responses by comma. Produce ten separate sets of five responses separated by semicolon.,"Einstein, IQ tests, chess, Stephen Hawking, books; problem-solving, creativity, reasoning, knowledge, academia; technology, innovation, theoretical physics, mathematics, artificial intelligence; research, data analysis, cognitive psychology, neuroscience, philosophy; linguistics, coding, algorithms, quantum computing, scholarship; analytical thinking, critical thinking, logic puzzles, Mensa, genius; education, university, professors, scientists, engineers; reading, writing, debating, lectures, seminars; curiosity, learning, expertise, specialization, breakthroughs; logic, rationality, skepticism, experimentation, intellectual rigor."
intelligence,male,university,What are the first five associations that come to a male university-educated adult's mind when thinking of the cue 'intelligence'? Produce responses highly typical for a male university-educated adult. Separate the responses by comma. Produce ten separate sets of five responses separated by semicolon.,"Einstein, IQ tests, chess, books, mathematics; critical thinking, university, debates, technology, innovation; artificial intelligence, neuroscience, psychology, research, algorithms; logic, problem-solving, knowledge, genius, creativity; Stephen Hawking, quantum physics, coding, reading, learning; memory, analytics, data science, philosophy, intellectual; Mensa, scholarships, academics, science, literature; curiosity, expertise, proficiency, sophistication, wisdom; intelligence agencies, espionage, cryptology, national security, surveillance; language acquisition, linguistics, SAT scores, GPA, scholarships."
intelligence,male,university,What are the first five associations that come to a male university-educated adult's mind when thinking of the cue 'intelligence'? Produce responses highly typical for a male university-educated adult. Separate the responses by comma. Produce ten separate sets of five responses separated by semicolon.,"Albert Einstein, Stephen Hawking, chess, Mensa, artificial intelligence; books, university, IQ tests, debates, Nobel Prize; problem-solving, creativity, logic puzzles, quantum physics, mathematics; computer programming, Silicon Valley, neuroscience, analytics, research; academics, scholarships, genius, physics, Stephen Fry; philosophy, algorithms, machine learning, innovation, TED talks; languages, cryptography, data sciences, engineering, robotics; sociology, psychology, cognitive science, intellectual, knowledge; literature, history, anthropology, critical thinking, scientific method; technology, space exploration, Elon Musk, Bill Gates, theoretical physics."
intelligence,male,university,What are the first five associations that come to a male university-educated adult's mind when thinking of the cue 'intelligence'? Produce responses highly typical for a male university-educated adult. Separate the responses by comma. Produce ten separate sets of five responses separated by semicolon.,"Einstein, problem-solving, IQ, technology, chess; research, debates, analytics, data science, coding; books, Stephen Hawking, creativity, innovation, artificial intelligence; mathematics, physics, critical thinking, Elon Musk, neuroscience; logic, philosophy, strategy games, cognitive psychology, algorithms; Mensa, academia, seminars, scholarships, scientific papers; Bill Gates, quantum computing, machine learning, TED talks, language skills; history, general knowledge, puzzles, Steve Jobs, education; engineering, biochemistry, astrophysics, cryptography, logic puzzles; IQ tests, theoretical models, chess championships, Silicon Valley, cybersecurity."
intelligence,male,university,What are the first five associations that come to a male university-educated adult's mind when thinking of the cue 'intelligence'? Produce responses highly typical for a male university-educated adult. Separate the responses by comma. Produce ten separate sets of five responses separated by semicolon.,"Einstein, IQ tests, chess, problem-solving, reading; mathematics, science, debate, critical thinking, philosophy; artificial intelligence, technology, innovations, research, patents; coding, analytics, chess, scholarships, Nobel Prize; education, books, university, professors, theories; intelligence agencies, puzzles, Mensa, brain games, neuroscience; logic, strategy, academia, knowledge, curiosity; quantum physics, machine learning, data analysis, linguistics, encryption; genius, creativity, invention, psychology, analysis; algorithms, engineering, space exploration, quantum computing, intellectual."
intelligence,male,university,What are the first five associations that come to a male university-educated adult's mind when thinking of the cue 'intelligence'? Produce responses highly typical for a male university-educated adult. Separate the responses by comma. Produce ten separate sets of five responses separated by semicolon.,"Einstein, university degrees, chess, technology, problem-solving; quantum physics, artificial intelligence, mathematics, research, innovation; Stephen Hawking, coding, neuroscience, philosophy, IQ tests; logic puzzles, TED Talks, scientific journals, debates, critical thinking; scholarships, patents, Nobel Prize, startups, Mensa; machine learning, space exploration, encryption, linguistics, cognitive science; algorithms, theoretical physics, Silicon Valley, academic publications, chess grandmasters; brainpower, genius, quantum computing, analytical skills, book smart; robotics, cybernetics, astrophysics, logic, intellectual discussions; data analysis, biotechnology, academic conferences, scientific breakthroughs, logical reasoning."
intelligence,male,university,What are the first five associations that come to a male university-educated adult's mind when thinking of the cue 'intelligence'? Produce responses highly typical for a male university-educated adult. Separate the responses by comma. Produce ten separate sets of five responses separated by semicolon.,"Einstein, IQ tests, chess, mathematics, problem-solving; Stephen Hawking, neurology, coding, philosophy, research; data analysis, artificial intelligence, reading, science, Nobel Prize; smart, genius, education, innovation, tech startups; cognitive science, logic puzzles, quantum computing, TED Talks, linguistics; academics, scholarships, Mensa, critical thinking, patents; algorithms, brain, quantum computing, machine learning, logic; books, debate, analytical skills, knowledge, creativity; technology, encryption, neuroscience, physics, intellect; reasoning, scholarships, information, expertise, theories."
intelligence,male,university,What are the first five associations that come to a male university-educated adult's mind when thinking of the cue 'intelligence'? Produce responses highly typical for a male university-educated adult. Separate the responses by comma. Produce ten separate sets of five responses separated by semicolon.,"Albert Einstein, problem-solving, IQ tests, innovation, critical thinking; books, debates, chess, Nobel Prize, research; technology, data analysis, Artificial Intelligence, mathematics, physics; Stephen Hawking, logic, academic journals, coding, neuroscience; Mensa, scholarships, patents, quantum computing, linguistics; history, philosophy, creativity, education, genius; TED Talks, psychology, analytics, space exploration, inventors; brain, knowledge, university, professors, scientific method; curiosity, algorithms, engineering, literature, intelligence agencies; reasoning, conferences, astrophysics, Silicon Valley, cryptography."
intelligence,male,university,What are the first five associations that come to a male university-educated adult's mind when thinking of the cue 'intelligence'? Produce responses highly typical for a male university-educated adult. Separate the responses by comma. Produce ten separate sets of five responses separated by semicolon.,"Albert Einstein, chess, IQ test, books, mathematics; Stephen Hawking, artificial intelligence, Elon Musk, research, logical thinking; genius, problem-solving, Nobel Prize, coding, physics; debate, neuroscience, strategy games, philosophy, Mensa; curiosity, academic journals, critical thinking, scholarships, technology; innovation, laboratories, analytics, data science, quantum computing; knowledge, reading, intelligence agencies, linguistics, cryptography; education, TED Talks, algorithms, science fiction, brain; rationality, scholarship, computer programming, history, puzzles; creativity, thought experiments, machine learning, sociology, patents."
intelligence,male,university,What are the first five associations that come to a male university-educated adult's mind when thinking of the cue 'intelligence'? Produce responses highly typical for a male university-educated adult. Separate the responses by comma. Produce ten separate sets of five responses separated by semicolon.,"Einstein, IQ tests, chess, cognitive science, mathematics; analytical thinking, problem-solving, research, innovation, technology; genius, Stephen Hawking, logic puzzles, neuroscience, artificial intelligence; books, education, debate, critical thinking, philosophy; coding, quantum physics, space exploration, robotics, Silicon Valley; Mensa, academia, scholarships, data analysis, Nobel Prize; algorithms, machine learning, encryption, theoretical physics, astrophysics; language skills, creativity, memory, reasoning, emotional intelligence; history, literature, psychology, sociology, anthropology; invention, patents, startups, quantum computing, biotechnology."
intelligence,male,university,What are the first five associations that come to a male university-educated adult's mind when thinking of the cue 'intelligence'? Produce responses highly typical for a male university-educated adult. Separate the responses by comma. Produce ten separate sets of five responses separated by semicolon.,"Einstein, IQ, books, research, chess; technology, innovation, problem-solving, data analysis, critical thinking; mathematics, physics, coding, artificial intelligence, neuroscience; academia, degrees, Nobel Prize, publications, professors; strategy, logic, patents, inventions, genius; wisdom, understanding, insight, curiosity, knowledge; philosophy, debate, linguistics, psychology, analytics; puzzles, Mensa, scholarships, conferences, journals; history, literature, scientific method, education, expertise; creativity, imagination, breakthroughs, discoveries, advancements."
intelligence,male,university,What are the first five associations that come to a male university-educated adult's mind when thinking of the cue 'intelligence'? Produce responses highly typical for a male university-educated adult. Separate the responses by comma. Produce ten separate sets of five responses separated by semicolon.,"Einstein, IQ tests, technology, science, chess; books, university, debates, mathematics, coding; innovation, research, artificial intelligence, quantum physics, neuroscience; logic, analysis, critical thinking, philosophy, psychology; problem-solving, creativity, genius, patents, startups; scholarship, lectures, academic journals, intelligence agencies, Nobel Prize; strategy games, languages, Mensa, algorithms, data analysis; curiosity, learning, expertise, wisdom, knowledge; brainpower, mental agility, aptitude, reasoning, cognitive skills; memory, savant, prodigy, inventions, academic conferences."
intelligence,male,university,What are the first five associations that come to a male university-educated adult's mind when thinking of the cue 'intelligence'? Produce responses highly typical for a male university-educated adult. Separate the responses by comma. Produce ten separate sets of five responses separated by semicolon.,"Einstein, IQ tests, chess, Silicon Valley, MIT; Stephen Hawking, mathematics, coding, research, academia; Brain games, artificial intelligence, quantum physics, neuroscience, Mensa; Steve Jobs, innovation, problem-solving, debate, logic; Elon Musk, science fiction, algorithms, data analytics, linguistics; Bill Gates, cryptography, analytics, space exploration, philosophy; Newton, robotics, machine learning, genetics, theoretical physics; Alan Turing, intellectual, puzzles, quantum computing, high technology; Richard Feynman, creativity, STEM, advanced mathematics, cognitive science; Warren Buffett, strategic thinking, economics, chess, patents."
intelligence,male,university,What are the first five associations that come to a male university-educated adult's mind when thinking of the cue 'intelligence'? Produce responses highly typical for a male university-educated adult. Separate the responses by comma. Produce ten separate sets of five responses separated by semicolon.,"Albert Einstein, Stephen Hawking, IQ tests, chess, university degrees; Alan Turing, problem solving, rocket science, Nobel Prize, Mensa; Elon Musk, artificial intelligence, research, genius, innovation; data analysis, critical thinking, TED Talks, neuroscience, philosophy; coding, software engineering, mathematics, physics, linguistics; Bill Gates, Steve Jobs, Silicon Valley, startups, machine learning; reading, academic journals, debate, logic puzzles, scholarships; brain, cognitive abilities, education, knowledge, expertise; history, literature, science fiction, documentaries, intellectual property; quantum computing, cybersecurity, algorithms, big data, analytics."
intelligence,male,university,What are the first five associations that come to a male university-educated adult's mind when thinking of the cue 'intelligence'? Produce responses highly typical for a male university-educated adult. Separate the responses by comma. Produce ten separate sets of five responses separated by semicolon.,"Einstein, technology, problem-solving, IQ tests, chess; books, debates, university degrees, research, analytics; data science, innovation, science fiction, logical reasoning, mathematics; coding, artificial intelligence, neuroscience, intellectual conversations, scientific journals; history, philosophy, quantum physics, genius, language skills; creativity, strategy games, space exploration, Nobel Prize, critical thinking; robotics, cybersecurity, quantum computing, TED Talks, scholarly articles; psychology, chess masters, patents, algorithms, brain teas; academic conferences, MENSA, theoretical physics, analytics, cognitive science; literature, puzzles, machine learning, lectures, documentaries."
intelligence,female,high school,What are the first five associations that come to a female high school-educated adult's mind when thinking of the cue 'intelligence'? Produce responses highly typical for a female high school-educated adult. Separate the responses by comma. Produce ten separate sets of five responses separated by semicolon.,"Smart, education, books, genius, Albert Einstein; IQ tests, grades, knowledge, learning, curiosity; brain, studies, professor, college, problem-solving; intelligence quotient, scholarships, reading, scientists, innovation; clever, understanding, memory, analytics, wisdom; thinking, innovation, creativity, intellect, reasoning; success, career, ambition, achievement, intelligence agency; intelligence community, national security, code-breaking, espionage, analysis; puzzles, chess, logic, strategy, mathematics; emotional intelligence, interpersonal skills, communication, empathy, self-awareness."
intelligence,female,high school,What are the first five associations that come to a female high school-educated adult's mind when thinking of the cue 'intelligence'? Produce responses highly typical for a female high school-educated adult. Separate the responses by comma. Produce ten separate sets of five responses separated by semicolon.,"Smart, education, brain, IQ, books; genius, learning, university, knowledge, Einstein; clever, exams, reading, success, teacher; wisdom, study, mathematics, science, problem-solving; intelligence quotient, critical thinking, innovation, creativity, analytical; smart people, degrees, high grades, college, understanding; puzzles, logic, memory, reasoning, intellect; curiosity, discovery, scholarship, intelligence tests, gifted; mental capacity, thought, comprehension, insight, brilliance; aptitude, thinking, savvy, skills, talented"
intelligence,female,high school,What are the first five associations that come to a female high school-educated adult's mind when thinking of the cue 'intelligence'? Produce responses highly typical for a female high school-educated adult. Separate the responses by comma. Produce ten separate sets of five responses separated by semicolon.,"smart, education, brain, Albert Einstein, college; genius, books, IQ, learning, science; wise, knowledge, school, professor, study; clever, understanding, technology, history, mathematics; intelligence tests, scholarship, reading, curiosity, innovation; wisdom, critical thinking, problem-solving, research, intellect; savvy, intelligence agency, analytical, coding, languages; articulate, education system, GPA, memory, logic; creativity, information, academic, brilliant, thinking; high IQ, Mensa, logic puzzles, neuroscience, educated."
intelligence,female,high school,What are the first five associations that come to a female high school-educated adult's mind when thinking of the cue 'intelligence'? Produce responses highly typical for a female high school-educated adult. Separate the responses by comma. Produce ten separate sets of five responses separated by semicolon.,"1. Books, IQ tests, university, brain, smart people; 
2. Genius, education, Stephen Hawking, glasses, professors; 
3. Problem-solving, creativity, Albert Einstein, knowledge, reading; 
4. High grades, scholarships, academics, curiosity, debates; 
5. Wisdom, learning, science, critical thinking, chess; 
6. Intelligence quotient, diplomas, research, innovation, logic; 
7. Mensa, advanced classes, physics, technology, TED Talks; 
8. Sherlock Holmes, detective work, analysis, puzzles, trivia; 
9. Bill Gates, entrepreneurship, coding, linguistics, memory; 
10. Neuroscience, philosophy, psychology, Elon Musk, artificial intelligence."
intelligence,female,high school,What are the first five associations that come to a female high school-educated adult's mind when thinking of the cue 'intelligence'? Produce responses highly typical for a female high school-educated adult. Separate the responses by comma. Produce ten separate sets of five responses separated by semicolon.,"Smart, books, college, scientist, Einstein; Brain, tests, grades, professor, IQ; Knowledge, education, genius, puzzle, learning; Thinker, clever, educated, problem-solving, Mensa; Reading, curiosity, wisdom, intellect, innovation; School, tutor, scholarship, debate team, aptitude; Intelligence quotient, analysis, comprehension, logic, reasoning; Discovery, creativity, critical thinking, understanding, insight; Research, study, intelligence agency, code-breaking, technology; Savant, gifted, talented, skilled, accomplished."
intelligence,female,high school,What are the first five associations that come to a female high school-educated adult's mind when thinking of the cue 'intelligence'? Produce responses highly typical for a female high school-educated adult. Separate the responses by comma. Produce ten separate sets of five responses separated by semicolon.,"Smart, books, high IQ, Einstein, college; Brain, genius, learning, education, knowledge; Tests, honor roll, scholarship, teachers, science; Wisdom, understanding, insight, cleverness, curiosity; Intelligence tests, Mensa, gifted, advanced classes, thinking; Problem solving, creativity, innovation, analysis, logic; Graduation, degrees, professor, inventor, achievements; Reading, studying, coursework, libraries, debates; Success, career, expert, specialization, skills; Critical thinking, reasoning, comprehension, intellect, awareness."
intelligence,female,high school,What are the first five associations that come to a female high school-educated adult's mind when thinking of the cue 'intelligence'? Produce responses highly typical for a female high school-educated adult. Separate the responses by comma. Produce ten separate sets of five responses separated by semicolon.,"Smart, education, books, IQ, knowledge; Genius, school, studying, wisdom, graduation; Albert Einstein, college, learning, brain, exams; Intelligence tests, classes, reading, curiosity, teachers; Brainy, scholarships, academic, degree, innovation; Critical thinking, clever, problem-solving, intellect, science; Savant, gifted, talented, understanding, reasoning; Mentors, intelligence quotient, comprehension, insights, discoveries; Creativity, analytics, savvy, logic, scholarship; Knowledgeable, sharp, quick-witted, ingenious, mastery."
intelligence,female,high school,What are the first five associations that come to a female high school-educated adult's mind when thinking of the cue 'intelligence'? Produce responses highly typical for a female high school-educated adult. Separate the responses by comma. Produce ten separate sets of five responses separated by semicolon.,"Smart, education, brains, IQ, problem-solving; Books, studying, genius, knowledge, curiosity; College, wisdom, Einstein, success, analytical; Tests, grades, cleverness, understanding, professor; School, scholarships, creativity, insight, innovation; Reading, learning, intellect, comprehension, expertise; Memory, critical thinking, reasoning, achievements, scholarship; Intelligence tests, gifted, savvy, proficiency, mastery; Logic, science, mathematics, informed, intelligent conversation; Degrees, honors, brilliance, adept, quick-witted."
intelligence,female,high school,What are the first five associations that come to a female high school-educated adult's mind when thinking of the cue 'intelligence'? Produce responses highly typical for a female high school-educated adult. Separate the responses by comma. Produce ten separate sets of five responses separated by semicolon.,"Smart, Education, Genius, Books, Intelligence Quotient (IQ); Brain, College, Knowledge, Wisdom, Albert Einstein; IQ tests, Reading, Learning, University, High grades; Thinking, Creativity, Problem-solving, Innovations, Scientists; Intelligence agencies, Secret codes, Cybersecurity, Hacking, Spy; Studying, Scholarships, Academic degrees, Honor roll, Valedictorian; Artificial Intelligence, Robots, Technology, Computer programming, Data analysis; Philosophy, Critical thinking, Debate, Logic, Socrates; Memory, Languages, Puzzles, Chess, Math; Research, Inventions, Nobel Prize, Laboratories, Experimentation."
intelligence,female,high school,What are the first five associations that come to a female high school-educated adult's mind when thinking of the cue 'intelligence'? Produce responses highly typical for a female high school-educated adult. Separate the responses by comma. Produce ten separate sets of five responses separated by semicolon.,"Smart, Education, Books, Genius, IQ; Einstein, College, Knowledge, Brain, Learning; Tests, Grades, Scholarships, University, Scientists; Brilliance, Albert Einstein, Reading, Mathematics, Problem-solving; Wisdom, High IQ, Studying, Academic, Intelligence tests; Innovations, Discoveries, Tech, Research, Scientists; Intelligent conversation, Book smart, Street smart, Logical thinking, Analytical skills; Diploma, Degrees, Professors, Physics, Chemistry; Creativity, Curiosity, Learning ability, Critical thinking, Reasoning; Success, Ambitious, Motivation, Achievements, Scholar."
intelligence,female,high school,What are the first five associations that come to a female high school-educated adult's mind when thinking of the cue 'intelligence'? Produce responses highly typical for a female high school-educated adult. Separate the responses by comma. Produce ten separate sets of five responses separated by semicolon.,"smart, education, success, brain, creativity; books, school, genius, knowledge, IQ; learning, reading, tests, clever, innovation; wisdom, curiosity, understanding, problem-solving, logic; grades, university, scholarships, intellect, study; teachers, memory, critical thinking, analysis, strategy; degrees, intelligence tests, brilliance, aptitude, comprehension; discovery, research, science, technology, ambition; discussion, debate, thoughtfulness, insight, reasoning; Einstein, motivation, accomplishments, gifted, talented."
intelligence,female,high school,What are the first five associations that come to a female high school-educated adult's mind when thinking of the cue 'intelligence'? Produce responses highly typical for a female high school-educated adult. Separate the responses by comma. Produce ten separate sets of five responses separated by semicolon.,"Einstein, books, glasses, college degree, smart; IQ test, reading, genius, knowledge, brain; graduation cap, libraries, scientists, Albert Einstein, honors class; puzzles, education, clever, wisdom, thinking; debate team, innovation, tech, curiosity, logic; computer, chess, doctorate, professor, inventions; Stephen Hawking, scholarships, study, intellectual discussions, analytics; Mensa, neuroscience, linguistics, philosophy, creativity; diploma, research, coding, prodigy, critical thinking; mathematics, literature, Nobel Prize, astrophysics, history."
intelligence,female,high school,What are the first five associations that come to a female high school-educated adult's mind when thinking of the cue 'intelligence'? Produce responses highly typical for a female high school-educated adult. Separate the responses by comma. Produce ten separate sets of five responses separated by semicolon.,"Smart, Education, Books, Genius, High IQ; Brain, Learning, Knowledge, Wisdom, Scholar; Tests, School, Degree, Professor, Einstein; Reading, Study, Clever, Bright, Skillful; Logic, Problem-solving, Analysis, Creativity, Memory; IQ tests, University, Diploma, Intelligence agency, Stephen Hawking; Analytical, Critical thinking, Research, Innovation, Understanding; Science, Mathematics, Literature, History, Art; Puzzle, Chess, Strategy, Technology, Invention; Language, Philosophy, Intellectual, Curiosity, Insight."
intelligence,female,high school,What are the first five associations that come to a female high school-educated adult's mind when thinking of the cue 'intelligence'? Produce responses highly typical for a female high school-educated adult. Separate the responses by comma. Produce ten separate sets of five responses separated by semicolon.,"Smart people, college degrees, high IQ, books, science classes; knowledge, studying, school, professors, exams; brain, education, scholarships, honors classes, mathematicians; critical thinking, creativity, problem-solving, innovation, technology; wisdom, reading, intelligence tests, academic journals, debates; intellectuals, research, genius, Nobel Prize winners, valedictorians; curiosity, learning, comprehension, analysis, logic; memory, attention to detail, linguistics, theoretical physics, chess; gifted programs, SAT scores, Mensa, theoretical debates, astrophysics; Albert Einstein, Stephen Hawking, AI, neuroscience, psychologist."
intelligence,female,high school,What are the first five associations that come to a female high school-educated adult's mind when thinking of the cue 'intelligence'? Produce responses highly typical for a female high school-educated adult. Separate the responses by comma. Produce ten separate sets of five responses separated by semicolon.,"Brain, Smart, Education, IQ, Genius; Knowledge, Book, Learning, College, Professor; Einstein, Scientist, Test, Grades, Diploma; Clever, Wisdom, Think, Analyze, Solve; Reading, School, Intelligent, Scholar, Study; High IQ, Memory, Quick, Understanding, Insight; Aptitude, Reasoning, Math, Logic, Creativity; Savvy, Bright, Genius, Innovator, Invention; Intelligence test, Gifted, Talented, Accelerated, Advanced; Research, Discovery, Curiosity, Mentally sharp, Puzzle-solving."
intelligence,female,high school,What are the first five associations that come to a female high school-educated adult's mind when thinking of the cue 'intelligence'? Produce responses highly typical for a female high school-educated adult. Separate the responses by comma. Produce ten separate sets of five responses separated by semicolon.,"1. Smart, College degree, Reading books, High IQ, Good grades; 
2. Einstein, Problem-solving, Brain games, Honor roll, Scholarships; 
3. Knowledge, Creativity, Critical thinking, Scientist, Mathematician; 
4. Philosophy, Inventions, Technology, Genius, Studying; 
5. Encyclopedia, Intelligence tests, Debate team, Gifted, Education; 
6. Stephen Hawking, Research, Analysis, Logic puzzles, Professor;
7. Valedictorian, NASA, Robotics, Artificial Intelligence, Literature;
8. Chess, TED talks, Advanced Placement classes, Neuroscience, Lab experiments;
9. Library, Mensa, Coding, Quantum physics, Philosophers;
10. Language learning, Tutoring, Academic journals, Engineering, Psychology."
intelligence,female,high school,What are the first five associations that come to a female high school-educated adult's mind when thinking of the cue 'intelligence'? Produce responses highly typical for a female high school-educated adult. Separate the responses by comma. Produce ten separate sets of five responses separated by semicolon.,"Einstein, books, college, smart glasses, exams; IQ tests, genius, library, graduation, professors; knowledge, learning, science, mathematics, debate; reading, school, honor roll, scholarships, neuroscience; brainstorm, creativity, innovation, analysis, critical thinking; intelligence agency, spies, code-breaking, puzzles, mysteries; wisdom, experience, elders, advice, history; artificial intelligence, computers, technology, programming, robotics; language, literature, essays, poetry, authors; problem-solving, solutions, strategies, logic games, chess."
intelligence,female,high school,What are the first five associations that come to a female high school-educated adult's mind when thinking of the cue 'intelligence'? Produce responses highly typical for a female high school-educated adult. Separate the responses by comma. Produce ten separate sets of five responses separated by semicolon.,"smart, education, genius, IQ, books; brain, learning, school, knowledge, clever; tests, university, innovation, science, professors; wisdom, analysis, thinking, problem-solving, creativity; intelligence quotient, Albert Einstein, study, curiosity, grades; street smarts, emotional intelligence, logical, philosopher, debate; intelligence agency, espionage, code-breaking, CIA, puzzles; memory, attention, comprehension, linguistics, mathematics; success, career, expert, technology, advancement; research, discovery, intelligence tests, scholarship, intellect."
intelligence,female,high school,What are the first five associations that come to a female high school-educated adult's mind when thinking of the cue 'intelligence'? Produce responses highly typical for a female high school-educated adult. Separate the responses by comma. Produce ten separate sets of five responses separated by semicolon.,"Smart, education, IQ, books, knowledge; Einstein, genius, tests, college, brain; learning, studying, wise, clever, understanding; classrooms, teacher, reading, innovation, curiosity; problem-solving, math, science, logic, creativity; wisdom, intellect, analysis, comprehension, enlightenment; intelligence quotient, nerds, scholarships, technology, research; critical thinking, debate, philosophy, psychology, curiosity; academics, intelligence agency, puzzles, expertise, skill; linguistics, artificial intelligence, coding, engineering, physics."
intelligence,female,high school,What are the first five associations that come to a female high school-educated adult's mind when thinking of the cue 'intelligence'? Produce responses highly typical for a female high school-educated adult. Separate the responses by comma. Produce ten separate sets of five responses separated by semicolon.,"Smart, college degree, brain, Albert Einstein, books; problem-solving, creativity, high IQ, success, learning; knowledge, reading, wisdom, genius, education; curiosity, innovation, analytical thinking, intelligence tests, logical reasoning; memory, cleverness, understanding, technology, scientists; math skills, critical thinking, expertise, intelligence agencies, puzzles; language skills, adaptability, reasoning, intellectual conversations, scholarships; academics, research, science, philosophy, intellect; quick learner, gifted, mental agility, logic puzzles, Mensa; thoughtfulness, ingenuity, educated, intellectual property, breakthroughs."
intelligence,female,high school,What are the first five associations that come to a female high school-educated adult's mind when thinking of the cue 'intelligence'? Produce responses highly typical for a female high school-educated adult. Separate the responses by comma. Produce ten separate sets of five responses separated by semicolon.,"Smart, Education, Books, Science, IQ; Genius, Learning, Brain, Knowledge, School; Wisdom, Tests, College, Albert Einstein, Problem-solving; Innovation, Creativity, Understanding, Analysis, Memory; High grades, Diploma, Professor, Intelligence Quotient, Study; Thinker, Philosophy, Logic, Neuroscience, Artificial Intelligence; Reading, Academic success, Scholarships, Mathematics, Critical thinking; Discovery, Inventor, Research, Albert Einstein, Intelligence tests; Curiosity, Mentality, Strategy, Cognitive, Genius; Brilliant, Savant, Educated, Skills, Logical reasoning."
intelligence,female,high school,What are the first five associations that come to a female high school-educated adult's mind when thinking of the cue 'intelligence'? Produce responses highly typical for a female high school-educated adult. Separate the responses by comma. Produce ten separate sets of five responses separated by semicolon.,"smart, education, books, school, knowledge; IQ, tests, genius, learning, brain; university, diploma, professor, reading, science; Einstein, clever, wisdom, study, degrees; technology, innovation, research, analytics, thinker; problem-solving, creativity, intelligence tests, mathematics, physics; curiosity, curiosity, intelligence agencies, spies, cryptography; debate, logic, reasoning, philosophy, scholarship; libraries, literature, authors, discoveries, inventions; intelligence quotient, puzzles, chess, strategy, academics."
intelligence,female,high school,What are the first five associations that come to a female high school-educated adult's mind when thinking of the cue 'intelligence'? Produce responses highly typical for a female high school-educated adult. Separate the responses by comma. Produce ten separate sets of five responses separated by semicolon.,"Smart, book smarts, clever, high IQ, wisdom; brains, education, genius, knowledgeable, understanding; quick-thinking, smart people, college degrees, problem-solving, analytical skills; Albert Einstein, intelligence tests, mental agility, creativity, inventiveness; learning, academic success, intelligence quotient, bright, gifted; critical thinking, savvy, intellect, shrewd, aptitude; innovation, curiosity, brainy, insight, sharp; street smarts, reasoning, logic, intelligent conversation, comprehension; mental capacity, Einstein, scholarships, honor roll, cognitive skills; perception, intelligent design, mental prowess, acumen, intellectual."
intelligence,female,high school,What are the first five associations that come to a female high school-educated adult's mind when thinking of the cue 'intelligence'? Produce responses highly typical for a female high school-educated adult. Separate the responses by comma. Produce ten separate sets of five responses separated by semicolon.,"books, smart, school, IQ tests, knowledge; Einstein, studying, grades, college, professor; brain, genius, education, learning, diploma; clever, tests, Science, mathematics, reading; wise, thoughtful, problem-solving, curiosity, attention; knowledge, innovation, technology, thinking, comprehension; logic, puzzles, intelligence quotient, scholarship, research; creativity, analysis, comprehension, debate, literature; wisdom, understanding, savvy, intellect, reasoning; perception, awareness, quick-learner, adaptability, educated"
intelligence,female,high school,What are the first five associations that come to a female high school-educated adult's mind when thinking of the cue 'intelligence'? Produce responses highly typical for a female high school-educated adult. Separate the responses by comma. Produce ten separate sets of five responses separated by semicolon.,"Smart, books, school, Einstein, tests; Brain, genius, learning, college, knowledge; IQ, study, clever, wisdom, education; Science, mathematics, reading, professor, intelligent; Think, puzzle, logic, reasoning, smart; Memory, analysis, thoughtful, comprehension, scholar; Understanding, curiosity, educated, savvy, bright; Technology, innovation, creativity, insight, intellect; Problem-solving, critical thinking, intelligent design, mental agility, sharp; Knowledgeable, quick-witted, learned, academically gifted, mentally acute."
intelligence,female,university,What are the first five associations that come to a female university-educated adult's mind when thinking of the cue 'intelligence'? Produce responses highly typical for a female university-educated adult. Separate the responses by comma. Produce ten separate sets of five responses separated by semicolon.,"Critical thinking, problem-solving, creativity, knowledge, adaptability; 

IQ tests, learning, education, expertise, reasoning; 

Albert Einstein, Marie Curie, Stephen Hawking, Rosalind Franklin, Leonardo da Vinci; 

Books, research, academic journals, conferences, scholarships; 

Logic, analysis, intellect, understanding, insight; 

Artificial intelligence, machine learning, data analysis, algorithms, computing; 

Wisdom, experience, intuition, reflection, discernment; 

Memory, attention, comprehension, cognition, executive functions; 

Philosophy, psychology, neuroscience, anthropology, sociology; 

Innovation, invention, discovery, exploration, experimentation."
intelligence,female,university,What are the first five associations that come to a female university-educated adult's mind when thinking of the cue 'intelligence'? Produce responses highly typical for a female university-educated adult. Separate the responses by comma. Produce ten separate sets of five responses separated by semicolon.,"Einstein, books, university, puzzles, IQ tests; critical thinking, academia, research, innovation, Nobel Prize; Stephen Hawking, education, curiosity, knowledge, Mensa; professor, debate, logic, science, analytics; chess, mathematics, philosophy, coding, artificial intelligence; scholarships, grants, lectures, seminars, dissertations; libraries, laboratories, journals, conferences, presentations; intelligence quotient, cognitive psychology, neuroscience, linguistics, genetics; creativity, problem-solving, reasoning, comprehension, learning capacity; TED talks, documentaries, publications, theses, peer review."
intelligence,female,university,What are the first five associations that come to a female university-educated adult's mind when thinking of the cue 'intelligence'? Produce responses highly typical for a female university-educated adult. Separate the responses by comma. Produce ten separate sets of five responses separated by semicolon.,"1. Books, education, problem-solving, creativity, curiosity; 
2. IQ tests, academics, research, innovation, critical thinking;
3. Elon Musk, Albert Einstein, Marie Curie, Stephen Hawking, Ada Lovelace;
4. Knowledge, university degrees, logic, debates, scholarships;
5. Brain, neurons, learning, cognition, psychology;
6. Artificial Intelligence, computing, data analysis, algorithms, robotics;
7. Memory, attention, linguistic skills, mathematical ability, scientific method;
8. Reading, studying, intellectual discussions, seminars, lectures;
9. Wisdom, experience, insight, understanding, reflection;
10. Discovery, invention, patents, technology, progress."
intelligence,female,university,What are the first five associations that come to a female university-educated adult's mind when thinking of the cue 'intelligence'? Produce responses highly typical for a female university-educated adult. Separate the responses by comma. Produce ten separate sets of five responses separated by semicolon.,"Critical thinking, problem solving, creativity, knowledge, curiosity; 

IQ tests, education, research, analysis, innovation; 

Books, academia, expertise, data, intellectual conversation; 

Logic, awareness, comprehension, insight, wisdom; 

Neuroscience, cognitive psychology, artificial intelligence, learning ability, memory; 

Philosophy, mathematics, linguistics, physics, coding; 

Eloquence, debate, reasoning, scholarship, proficiency; 

Abstract thinking, emotional intelligence, decision-making, adaptability, curiosity; 

Invention, discovery, theoretical frameworks, analytical skills, scientific method; 

Leadership, strategic thinking, empathy, negotiation, cultural literacy."
intelligence,female,university,What are the first five associations that come to a female university-educated adult's mind when thinking of the cue 'intelligence'? Produce responses highly typical for a female university-educated adult. Separate the responses by comma. Produce ten separate sets of five responses separated by semicolon.,"Critical thinking, problem solving, creativity, knowledge, emotional intelligence; Books, education, wisdom, insight, innovation; IQ, analytics, comprehension, intellect, curiosity; Research, logic, expertise, understanding, aptitude; Degree, professor, technology, science, mathematics; Communication skills, observation, adaptability, reflection, reasoning; Philosophy, psychology, theories, arguments, intelligence tests; Brain, cognitive skills, learning ability, memory, attention to detail; Strategy, decision making, scholarship, intelligence agencies, genius; Literature, history, cultural awareness, linguistics, scholarly articles."
intelligence,female,university,What are the first five associations that come to a female university-educated adult's mind when thinking of the cue 'intelligence'? Produce responses highly typical for a female university-educated adult. Separate the responses by comma. Produce ten separate sets of five responses separated by semicolon.,"Einstein, books, university degree, chess, problem-solving; IQ test, Mensa, research, innovation, critical thinking; curiosity, knowledge, neurology, artificial intelligence, debate; wisdom, education, brain, analysis, logic; creativity, science, philosophy, technology, genius; psychology, learning, expertise, scholarship, intellect; academia, seminars, lectures, discussions, thesis; smart, clever, brilliant, astute, quick-witted; cognition, understanding, comprehension, perception, insight; reading, writing, thinking, studying, questioning."
intelligence,female,university,What are the first five associations that come to a female university-educated adult's mind when thinking of the cue 'intelligence'? Produce responses highly typical for a female university-educated adult. Separate the responses by comma. Produce ten separate sets of five responses separated by semicolon.,"Books, University, Einstein, Problem-solving, Research; Critical thinking, Debate, Graduation, IQ tests, Analytics; Curiosity, Reading, Nobel Prize, Lectures, Scholarships; Wisdom, Innovation, Science, Mathematics, Language proficiency; Logic puzzles, Intelligence Quotient (IQ), Doctorates, Laboratories, Technology; Creativity, Writing, Philosophy, Discussion, Academic journals; History, Intelligence agencies, Chess, Coding, Neurosciences; Memory, Analysis, Theory, Education, Genius; Data science, Artificial intelligence, Seminars, Scholar, Cultural capital; Literature, Biology, Physics, Economics, Psychology."
intelligence,female,university,What are the first five associations that come to a female university-educated adult's mind when thinking of the cue 'intelligence'? Produce responses highly typical for a female university-educated adult. Separate the responses by comma. Produce ten separate sets of five responses separated by semicolon.,"Critical thinking, problem-solving, creativity, adaptability, emotional intelligence; analytical skills, education, innovation, curiosity, knowledge; wisdom, IQ, learning ability, expertise, cognitive skills; reading, research, logic, comprehension, ambition; intelligence quotient, mental agility, rationality, intellectual curiosity, understanding; genius, academic achievement, intellectual capacity, insight, perceptiveness; mental acumen, abstract thinking, reasoning, reflection, awareness; memory, concentration, proficiency, scholarship, intellectuality; savvy, aptitude, mental sharpness, quick-wittedness, enlightenment; cognitive development, thoughtfulness, discernment, intelligence tests, mental flexibility."
intelligence,female,university,What are the first five associations that come to a female university-educated adult's mind when thinking of the cue 'intelligence'? Produce responses highly typical for a female university-educated adult. Separate the responses by comma. Produce ten separate sets of five responses separated by semicolon.,"Learning, Problem-solving, Creativity, Knowledge, Critical thinking; Books, Education, IQ, Analysis, Innovation; Wisdom, Research, Academia, Insight, Intelligence tests; Genius, Scholar, Education, Curiosity, Adaptability; Reading, Logical thinking, University, Science, Expertise; Intelligence quotient, Comprehension, Reflection, Discovery, Intellectual; Brain power, Cognition, Understanding, Education, Professionalism; Analytical skills, Thoughtfulness, Information processing, Intellectual conversations, Education level; Theory, Empirical evidence, Intelligence agency, Rationality, Academic journals; Intellectual capacity, Mental agility, Scholars, Higher education, Logical reasoning."
intelligence,female,university,What are the first five associations that come to a female university-educated adult's mind when thinking of the cue 'intelligence'? Produce responses highly typical for a female university-educated adult. Separate the responses by comma. Produce ten separate sets of five responses separated by semicolon.,"Critical thinking, problem-solving, creativity, knowledge, curiosity; Wisdom, education, innovation, logic, intelligence quotient (IQ); Books, research, university degrees, professors, analytical skills; Mental agility, comprehension, expertise, intellectual discussions, learning ability; Emotional intelligence, adaptability, intuition, reasoning, insight; Scholarships, academic journals, conferences, intellectual curiosity, cognitive abilities; Strategic thinking, inventions, genius, abstract thinking, theoretical knowledge; Intelligence tests, Mensa, giftedness, cognitive development, psychometrics; Brainpower, intellect, understanding, education systems, thought leadership; Neuroscience, artificial intelligence, cognitive science, philosophy, deduction."
intelligence,female,university,What are the first five associations that come to a female university-educated adult's mind when thinking of the cue 'intelligence'? Produce responses highly typical for a female university-educated adult. Separate the responses by comma. Produce ten separate sets of five responses separated by semicolon.,"Critical thinking, problem-solving, creativity, knowledge, emotional intelligence; analytical skills, curiosity, adaptability, logical reasoning, innovation; education, intelligence quotient (IQ), wisdom, insight, scholarly; books, research, academia, cognitive abilities, intellectual curiosity; high grades, success, expertise, specialist, proficiency; learning, self-awareness, strategic thinking, conceptual thinking, intellectual growth; debate, articulate, comprehension, cognitive development, memory; STEM fields, philosophers, theoretical concepts, abstract thinking, educated opinion; language proficiency, cultural understanding, open-mindedness, thought leader, savant; reading, writing, mathematical skills, scientific method, reasoning ability."
intelligence,female,university,What are the first five associations that come to a female university-educated adult's mind when thinking of the cue 'intelligence'? Produce responses highly typical for a female university-educated adult. Separate the responses by comma. Produce ten separate sets of five responses separated by semicolon.,"Analytical thinking, creativity, problem-solving, emotional intelligence, memory; 

Critical thinking, innovative, curiosity, knowledge, learning ability; 

IQ tests, education, logic, cognitive abilities, mental agility; 

Book smart, wisdom, expertise, insight, comprehension; 

Spatial awareness, linguistic skill, mathematical skill, reasoning, intellect; 

Philosophy, science, literature, intellectual conversations, academia; 

Neuroscience, psychology, artificial intelligence, research, data analysis; 

Reading, writing, discussion, debate, scholarship; 

Inventiveness, adaptability, understanding, perception, awareness; 

High GPA, degrees, publications, conferences, honors and awards."
intelligence,female,university,What are the first five associations that come to a female university-educated adult's mind when thinking of the cue 'intelligence'? Produce responses highly typical for a female university-educated adult. Separate the responses by comma. Produce ten separate sets of five responses separated by semicolon.,"Critical thinking, creativity, problem-solving, emotional intelligence, learning ability; 

IQ tests, education, books, innovation, cognitive skills; 

Albert Einstein, Stephen Hawking, Marie Curie, Ada Lovelace, Alan Turing; 

Research, analysis, academic achievement, scholarships, debate; 

Logic, reasoning, knowledge, comprehension, insight; 

Genius, high IQ, Mensa, gifted, knowledgeable; 

Artificial intelligence, machine learning, robotics, data analysis, algorithms; 

Brain, neuroscience, psychology, mental agility, memory; 

Philosophy, theoretical physics, mathematics, linguistics, chemistry; 

Curiosity, open-mindedness, wisdom, intellect, science."
intelligence,female,university,What are the first five associations that come to a female university-educated adult's mind when thinking of the cue 'intelligence'? Produce responses highly typical for a female university-educated adult. Separate the responses by comma. Produce ten separate sets of five responses separated by semicolon.,"Books, education, creativity, problem-solving, critical thinking; IQ tests, degrees, research, innovation, discussions; analytical thinking, mathematics, science, literature, expertise; curiosity, learning, knowledge, understanding, insight; brainstorming, logic, puzzles, intelligence quotient, academic journals; professors, labs, lectures, scholarships, conferences; emotional intelligence, social skills, communication, adaptability, empathy; coding, technology, artificial intelligence, neuroscience, psychology; debate, philosophy, reasoning, cognitive abilities, intelligence agencies; genius, talent, scholarship, intellectual debates, cultural awareness."
intelligence,female,university,What are the first five associations that come to a female university-educated adult's mind when thinking of the cue 'intelligence'? Produce responses highly typical for a female university-educated adult. Separate the responses by comma. Produce ten separate sets of five responses separated by semicolon.,"Critical thinking, education, problem-solving, creativity, emotional intelligence; IQ tests, books, academic success, innovation, research; knowledge, curiosity, understanding, expertise, logic; genius, neuroscience, psychology, intellectual discussions, analytical skills; learning, wisdom, insight, intelligence quotient, cognitive skills; memory, comprehension, intellectual curiosity, scholarship, debates; abstract thinking, reasoning, aptitude, mental agility, conceptual understanding; intelligence agencies, information gathering, code-breaking, strategic planning, cybersecurity; artificial intelligence, machine learning, data analysis, algorithms, technological advancement; philosophy, theoretical knowledge, metaphysics, ethics, epistemology."
intelligence,female,university,What are the first five associations that come to a female university-educated adult's mind when thinking of the cue 'intelligence'? Produce responses highly typical for a female university-educated adult. Separate the responses by comma. Produce ten separate sets of five responses separated by semicolon.,"Critical thinking, problem-solving, curiosity, creativity, emotional intelligence; 

Knowledge, reasoning, logic, analytical skills, innovation; 

Wisdom, learning, intelligence quotient (IQ), cognitive abilities, adaptability; 

Education, expertise, proficiency, intellectual, competence; 

Observation, understanding, insight, perceptiveness, intuition; 

Research, scientific method, hypothesis testing, empirical evidence, scholarly; 

Memory, linguistic ability, mathematical ability, spatial reasoning, logical reasoning; 

Brainpower, genius, brilliance, acumen, savvy; 

Book smart, street smart, analytical thinking, conceptual thinking, practical thinking; 

Readiness to learn, open-mindedness, intellectual curiosity, critical awareness, reflective thinking."
intelligence,female,university,What are the first five associations that come to a female university-educated adult's mind when thinking of the cue 'intelligence'? Produce responses highly typical for a female university-educated adult. Separate the responses by comma. Produce ten separate sets of five responses separated by semicolon.,"IQ, books, university degree, problem-solving, critical thinking; 

education, curiosity, Nobel Prize, chess, debate; 

Sherlock Holmes, innovation, science, mathematics, technology; 

Albert Einstein, research, analytics, languages, academia; 

Stephen Hawking, TED Talks, logic, philosophy, neuroscience; 

Mensa, scholarship, genius, creativity, artificial intelligence; 

Bill Gates, coding, theoretical physics, linguistics, psychology; 

reading, seminars, knowledge, expertise, intellectual; 

Google, data analysis, logic puzzles, astrophysics, quantum mechanics; 

wisdom, learning, professors, intelligent design, essays."
intelligence,female,university,What are the first five associations that come to a female university-educated adult's mind when thinking of the cue 'intelligence'? Produce responses highly typical for a female university-educated adult. Separate the responses by comma. Produce ten separate sets of five responses separated by semicolon.,"books, university, Einstein, curiosity, research; education, critical thinking, problem-solving, innovation, knowledge; lectures, debate, logic, philosophy, neuroscience; IQ, analytical skills, academic journals, chess, mathematics; reading, intelligence tests, conferences, scholarships, professors; creativity, technology, coding, formulas, Nobel Prize; psychology, linguistics, puzzles, seminars, libraries; genius, experiments, data analysis, thesis, science; strategy, history, artificial intelligence, inventions, patents; literature, discussions, analysis, reasoning, intellect."
intelligence,female,university,What are the first five associations that come to a female university-educated adult's mind when thinking of the cue 'intelligence'? Produce responses highly typical for a female university-educated adult. Separate the responses by comma. Produce ten separate sets of five responses separated by semicolon.,"Problem-solving, Critical thinking, Knowledge, Wisdom, Creativity; 

Education, IQ, Books, Research, Innovation; 

Curiosity, Analysis, Learning, Expertise, Adaptability; 

Genius, Understanding, Eloquence, Insight, Logical reasoning; 

Scholarships, Academia, Degrees, Publications, Conferences; 

Intuition, Emotional intelligence, Communication skills, Strategy, Open-mindedness; 

Neuroscience, Cognitive psychology, Artificial intelligence, Data analysis, Algorithms; 

Philosophy, Theories, Scientific method, Experiments, Deduction; 

Memory, Attention to detail, Multitasking, Language proficiency, Abstract thinking; 

Leadership, Negotiation, Interpersonal skills, Teamwork, Vision."
intelligence,female,university,What are the first five associations that come to a female university-educated adult's mind when thinking of the cue 'intelligence'? Produce responses highly typical for a female university-educated adult. Separate the responses by comma. Produce ten separate sets of five responses separated by semicolon.,"Critical thinking, creativity, problem-solving, emotional intelligence, learning ability; curiosity, innovation, logic, analytical skills, intellectual discussion; education, IQ, knowledge, wisdom, expertise; neuroscience, cognition, genius, mental agility, adaptability; books, research, academic success, scholarship, intelligence tests; technology, breakthroughs, data analysis, scientific method, reasoning; memory, concentration, understanding, insight, perception; philosophy, debate, intellectual curiosity, comprehension, awareness; psychology, mental processes, cognitive development, abstract thinking, intelligence quotient; linguistics, mathematics, physics, chemistry, biology."
intelligence,female,university,What are the first five associations that come to a female university-educated adult's mind when thinking of the cue 'intelligence'? Produce responses highly typical for a female university-educated adult. Separate the responses by comma. Produce ten separate sets of five responses separated by semicolon.,"Einstein, books, university, IQ tests, problem-solving; critical thinking, innovation, research, academic success, creativity; theories, knowledge, analytics, debate, neuroscience; artificial intelligence, data analysis, logic puzzles, science, mathematics; curiosity, reading, PhD, chess, seminars; intellect, verbal proficiency, coding, scholarships, scientific journals; wisdom, learning, expertise, brain games, TED Talks; genius, breakthroughs, algorithms, philosophy, linguistics; memory, cognition, education, breakthrough ideas, inventions; aptitude, mental agility, studies, conferences, publications."
intelligence,female,university,What are the first five associations that come to a female university-educated adult's mind when thinking of the cue 'intelligence'? Produce responses highly typical for a female university-educated adult. Separate the responses by comma. Produce ten separate sets of five responses separated by semicolon.,"Critical thinking, innovation, emotional intelligence, problem-solving, curiosity; books, education, debate, creativity, knowledge; IQ, research, analysis, wisdom, learning; adaptability, logic, understanding, insight, expertise; science, mathematics, languages, philosophy, history; curiosity, analytical skills, rationality, education, intellect; intelligence tests, memory, cognition, neuroscience, psychology; reading, scholarship, intellectual discussions, comprehension, awareness; universities, laboratories, professors, studies, conferences; genius, talent, academic achievement, scholarship, mentors."
intelligence,female,university,What are the first five associations that come to a female university-educated adult's mind when thinking of the cue 'intelligence'? Produce responses highly typical for a female university-educated adult. Separate the responses by comma. Produce ten separate sets of five responses separated by semicolon.,"1. IQ tests, problem-solving, creativity, knowledge, critical thinking;
2. Albert Einstein, education, books, academic success, logical reasoning;
3. Stephen Hawking, innovation, research, genius, analytical skills;
4. Brain, intelligence quotient, learning, memory, curiosity;
5. Mastery, expertise, wisdom, understanding, intelligence agencies;
6. Emotional intelligence, social skills, empathy, introspection, self-awareness;
7. Scholarships, honors classes, gifted programs, debate teams, linguistics;
8. Neuroscience, cognitive psychology, artificial intelligence, data analysis, algorithms;
9. Philosophy, theoretical physics, mathematics, coding, chess;
10. Literature, history, cultural intelligence, critical discourse, language proficiency."
intelligence,female,university,What are the first five associations that come to a female university-educated adult's mind when thinking of the cue 'intelligence'? Produce responses highly typical for a female university-educated adult. Separate the responses by comma. Produce ten separate sets of five responses separated by semicolon.,"IQ tests, university degrees, critical thinking, problem-solving, creativity; reading, education, analytical skills, curiosity, emotional intelligence; Stephen Hawking, Albert Einstein, Marie Curie, Elon Musk, Bill Gates; chess, mathematics, physics, philosophy, neuroscience; language learning, cognitive psychology, logic, genius, innovation; intelligence quotient, Mensa, scholarships, academic journals, TED Talks; books, debate, artificial intelligence, research, study habits; knowledge, comprehension, application, analysis, synthesis; logic puzzles, intellectual curiosity, lifelong learning, expertise, rationality; machine learning, algorithms, data analysis, scientific method, technical skills."
intelligence,female,university,What are the first five associations that come to a female university-educated adult's mind when thinking of the cue 'intelligence'? Produce responses highly typical for a female university-educated adult. Separate the responses by comma. Produce ten separate sets of five responses separated by semicolon.,"Critical thinking, education, problem-solving, creativity, innovation; 

Books, knowledge, curiosity, wisdom, intellect; 

Albert Einstein, Stephen Hawking, Marie Curie, Bill Gates, Elon Musk; 

Research, analysis, logic, understanding, insight; 

IQ tests, Mensa, scholarships, academia, neuroscience; 

Learning languages, chess, mathematics, science, literature; 

TED Talks, podcasts, documentaries, lectures, discussions; 

Artificial intelligence, machine learning, data science, robotics, biotechnology; 

Philosophy, psychology, sociology, anthropology, history; 

Brain games, puzzles, sudoku, trivia, debates."
